,eoa,grade
0,>0x0c1633e0ba164a9def56d86d7c46afcbe4d28a77<,Diamond
1,>0x09e3c4bf50a15225d4087fe089282cb5506dcce6<,Diamond
2,>0xfea310e868466201e881866e75232e1bc2b86e0c<,Diamond
3,>0x2916d837b5f3d4e83df9c6db717356bd89c6e9a5<,Diamond
4,>0xb731ef1d26227e1edf48f9833e6b48eb11154917<,Diamond
6,>0x28beb6fd342f7f41c0ebe086f78e43468c7a25c1<,Diamond
7,>0x6fb3071447c444e51f7b282a76f06f811e21d3ec<,Diamond
8,>0x253a1dc6bbad8a62a8e8f7b21214fea2b78cb77e<,Diamond
9,>0xbf5c8925ccdbe4ff933a739e51dcdd74fdd78d32<,Diamond
10,>0x65c13724928ea0afa68e09c7b70449bb8f6f3fc8<,Diamond
11,>0xde5701c91e479888878f9aebf1decc0b10d88cb5<,Diamond
12,>0x993192a774609176f59325e9c0afd0641917d0db<,Diamond
13,>0x27643f4e2b35a18bcd55252e88f13039f4f81927<,Diamond
14,>0x9c598b1977851610284871cc999e909113ca2e65<,Diamond
15,>0xb2646e86ca2546d0926ec2e512ec444000313a05<,Diamond
16,>0x72b3daf411912561836dea10e2efebd6f81ec209<,Diamond
17,>0x508f1b6c5eb1e0f9d48795c848d87288bae13a46<,Diamond
18,>0xeb4872b4c995f6613077090438eae69cfeff142f<,Diamond
19,>0xeebcfef507d6109d87689811f5d85d89d30cae76<,Diamond
20,>0x956290cae406bf01a4047035f1a8975eed11d1e4<,Diamond
21,>0x25e4723f5859952d807ca1339e010c30e06656af<,Diamond
22,>0x65a7de07f2df7564421b3a942cb0699b357b91ce<,Diamond
23,>0xf9f2abcc9df889794b60f0791a784f5a97d32920<,Diamond
24,>0x56d53a4402a7b8f4ad027cfb421ff60e865f665b<,Diamond
25,>0x5c399512c0a26aeb21475a6ee8a8a097bc4ae368<,Diamond
26,>0xe9bd415d5d543b5d4fe12ac2baa52cd9ca026f46<,Diamond
27,>0xa7476ec14cd663c742d527113638c77a1631cc89<,Diamond
28,>0xbc0a24a17caed0dbca77e564159c188c7aaacab7<,Diamond
29,>0xf455324f5112f4370d30a36de2af8255d61d391c<,Diamond
30,>0xcf43e9a2f9ed4810de89ae08d88445d8ccf63ab1<,Diamond
31,>0x06f65d4a643940d104eb608bf47b64ace9e4b60c<,Diamond
32,>0xb2c8bb4bf53b34fdb55795ba5dac0598dea37819<,Diamond
33,>0x1c6e7f40d745770077d9b6eda965be3f5c8db8d8<,Diamond
34,>0x0d36dd40ff721ac6e3f40fc3e36a5566609a03f1<,Diamond
35,>0x26199b5dd7637d8ddd76fcfe31ec1eadee25e275<,Diamond
36,>0x3587db7dab8eed84962bb5f7a52ab875fd20aa46<,Diamond
37,>0xffbb7bdc26663becf4baacc4d4f73098bbdc26cc<,Diamond
38,>0xc6680dcda0e4b493dfdcb86c793fd9d7eef3ccde<,Diamond
39,>0x5b9f0eef7bfbd54ba21cd7409bbdfef12136421a<,Diamond
41,>0x2a8b74f9d2bfdc204f3b29fec435e8a4f8a7f6fa<,Diamond
42,>0x5fe9a92531fe648666551a6cbae2a7b817249c52<,Diamond
43,>0xba1cad8e212e79cd1b4298abe09eb6b44384ffa2<,Diamond
45,>0x7a8463b955c403ebd4611b18743a40aeba0d7d4f<,Diamond
46,>0x4496c474a0768384841ebc0aae87beaeab7261a6<,Diamond
47,>0xa657ed65b239d42d05a79b5a4cd3155dfd687c16<,Diamond
48,>0x95a32d9e373a3622c56cfe14c9f4039b5a0eac51<,Diamond
49,>0x8f771a8e8ba888f2b06cc75747ee59fa9f7613e9<,Diamond
50,>0xde6f17794861e1e13104285cd2dabfc478bfb679<,Diamond
51,>0x29a65d830516cca6e694be90d3de3cc19f620ea6<,Diamond
52,>0xd2970eecfc0cdcb8e94b1d05fc825fcc43ca1c53<,Diamond
53,>0x407f9e8c06371b9f2b2faa4f98c233253d817308<,Diamond
54,>0xf84b9e57628da8a8167c0f84c266f70ec0863510<,Diamond
55,>0xd164984268bc6e81ce9a5109c955b96e4edbee89<,Diamond
56,>0x363951773d40a61fa5587a1043ee80586db302d0<,Diamond
57,>0x0911a8b63fb80fcf7818db304bc4c475adc0b309<,Diamond
58,>0x93ef4743cad66d1707cf1e98464a11d6970aa399<,Gold
59,>0xf318a2f77816c166181597e53ec95773c7d70262<,Gold
60,>0x394c82976a57c4309138c072149ee57aea16560b<,Gold
61,>0xb90440ee1fac3172a630470f4adcb99d0fee936d<,Gold
62,>0xe729e82c62ba98ee226dbf680803cfb4189dbe30<,Gold
63,>0xcb898504e45710eb33948f961030192afdad1811<,Gold
64,>0x1d932e6489b5e4091ee078db497799237b354191<,Gold
65,>0xbd1ea07bcc208715e099588add684ed78f3ff3ed<,Gold
66,>0x5dfc833b3e853f3e0d8d7b5bb2d2a66dd2b9d061<,Gold
67,>0x0de156cb2202c682b41d3fbe8b785238ecf3f647<,Gold
68,>0x9062a96b9e947b2b57283e705c97b871f5eb6561<,Gold
69,>0x639fad44e324329a726cc1845a4b7f3ab2ac1dab<,Gold
70,>0x3f80528837e792b23777977fa3aa7ad8a3eab4e7<,Gold
71,>0x4326990033ecd87a5444383cf8c715e696301910<,Gold
72,>0x0bd55d236eecbdaf01d2c79253da0aeb3488af02<,Gold
73,>0x495e827e540ca60c93bbac919b4627554211f33f<,Gold
74,>0x20f77d1e0b152197483aa088467bd2eb81c3757d<,Gold
75,>0x2b7d141a63ebab9ee78dfb312874859933033895<,Gold
76,>0x8e118bbffdcc009b1d46423868f7a49f8bcbbfcc<,Gold
78,>0x3b5569a21010a908ea9acaccfa9a21db41292b43<,Gold
79,>0xc84ee7d2b96e67d9c627ebb249090158fae38abf<,Gold
80,>0x81fa725f8cebd030939ab8b649507f733101ae95<,Gold
81,>0x4c468b4379b7258a0de44d9ec8feeccfcfa1555a<,Gold
82,>0x7f83b0668cfd2ffcade1812801106fbd05fa480a<,Gold
83,>0x5bffcd8f4809e29bcace4c9c21e0c3b6963ecec1<,Gold
84,>0xb8cb381f517044cfb74326fe39abfd8875402d76<,Gold
85,>0x04a37697cf4f45b8215e206f2e32a393e6d66835<,Gold
86,>0x5346f517209b5221aae1ff1a2c175bf5fcc3812a<,Gold
87,>0x9c04c3186f5471c4e58db47ecfdeeda92c1e8cb2<,Gold
88,>0xf9ef59725a50ef89424342acd33b044c512ed7a0<,Gold
89,>0xfef5ea9673d8dc1461dc3e6218c3dbcb3e70b939<,Gold
90,>0x13fb07c0e9b5d63ec38ae1fa9221c3c911193646<,Gold
91,>0xd08c941d3d5e36ffcfa0a090a7247ac08b0473f5<,Gold
92,>0xfc5b2d51fd03b13bf440eb9e0c7b1d94b1b77bb9<,Gold
93,>0xb8cb381f517044cfb74326fe39abfd8875402d76<,Gold
94,>0x76cebb65b78987a9291a83dc27f010c2603ec3e5<,Gold
95,>0x5cfc0af2db55938b879c5be94d0cd860ec2db029<,Gold
96,>0xba540bb14101cbd4170df90408c0b9ec6c86273c<,Gold
97,>0x1cccede48295654b7e48333b47f54d24c4d612d9<,Gold
98,>0xe4126fd057ab2fc08b6ce2621de4c3bc56464101<,Gold
99,>0x4abe0903ee68883e693293037973f5926827eb03<,Gold
100,>0xa6cf43fe0b47d5da8f03258b37f1caf148955019<,Gold
101,>0x811df83148fa178c1fa9f80b9f07e1dda5a9c191<,Gold
102,>0xae5a48e555f5dc7300896b7a12ac64813bccad8c<,Gold
103,>0x03f182ec7474877ec8d830a5fcb804fd132755c1<,Gold
104,>0x8467f76ba0b033232e37c9b8cc4c28756400553a<,Gold
105,>0xe000adb6f47c7461694bcb69bf51bab8087d819d<,Gold
106,>0x24ad53649ac401138e31cdc893cbe86073117be6<,Gold
107,>0xb817f347cc5dc77dabeb45dc071dc4ca80b28e16<,Gold
108,>0x7763b5b3aed592da4bbf0e30b19043def5498a52<,Gold
109,>0xe456ff3e321be2675a5aeb56b3623586254c3419<,Gold
110,>0x49e2a5af17fb2b37a0ff460217dc7a9ff4f34f90<,Gold
111,>0x1bfb9fb63d45f7d50520e0a3059504013cdfe8fd<,Gold
112,>0xa2676434160df812594d53a51a63a46981411c2a<,Gold
113,>0xb7338951d8aaf32ec72e72aff962aa0ee315cc6b<,Gold
114,>0x74dc2a94edf7232b57371402d2720fd2e3879776<,Gold
115,>0x9da775343d9c9847b35a3111a8956a95e4be6ba6<,Gold
117,>0x8a1cfc56923a2e02b9feec98a3a4f9f6e3cead6b<,Gold
118,>0x884c6835d12236f7b4d5eba787c833f432d45f9f<,Gold
120,>0x9edba74460ad6b40b40809b2228982c56e3e890b<,Gold
121,>0x5c9bc3aaa7f44407c9a663934055049aa2a3d860<,Gold
122,>0x9b18e9e9aa3dd35100b385b7035c0b1e44afca14<,Gold
123,>0x77f7f8c188b3590ffa6426536b199fd84416d667<,Gold
125,>0x3e1a12a6019ee26418f22b656926fe38f5e58c5f<,Silver
126,>0x7daf951a817f71b6f19deed678600d3f8883fe2b<,Silver
127,>0x3c5b25331c30937ac324d3f20af0caa70e645588<,Silver
128,>0xae15a8f0db29c6c7a840abc445abe3cd3b0af472<,Silver
129,>0x5189e4f03824b5f21e2d8e7161437c35b219ac89<,Silver
130,>0x1168c006762b7fd9de1d9fee514c007f221f9173<,Silver
131,>0x97cd70611075e6eae5d64a9908d6fe2592438c88<,Silver
132,>0xc846b4532249ba200a2f40b011aa8a770266bac2<,Silver
133,>0x18376a0e6f2975013d2866407ea4f4e2ff01b510<,Silver
134,>0x697d13930a51a7a9dede42e48fcb0b7043918917<,Silver
135,>0x155236c4bbb79f13850241448561e583b1648b3f<,Silver
136,>0x05c9f9ea62c3c69ddf7221446d7dbf4e04b0c408<,Silver
137,>0xe2f3c30b753f71bdbf1258d6e09fd3d2adf549db<,Silver
138,>0xa8213ad427cc7c16cf6248e0653553bc3008a191<,Silver
139,>0x6af6d4c57b3d48d614ecc52f6c25242783dec71a<,Silver
140,>0x205c211a68e0b8c1a97d61b0b09099231b3c160d<,Silver
141,>0x788a8a180f27f86b2148fbd7836ee6f0794d9296<,Silver
142,>0x4a2dd4b190b6dee6939709278b659ed5ffcb9d92<,Silver
143,>0xbd4718edca87ebbbc9f501938b4a7bb6dd6f8b86<,Silver
144,>0x2e5b27a6ee216c90f6f42bfeadd7cd25888e5be3<,Silver
145,>0x328b852c5ea4a031018ce092e855a78274d730c7<,Silver
146,>0x1279249174ec07a2cb3f057bdc43414106183d4c<,Silver
147,>0xe222e11129a5fefdebcc0572a10a6deacc35e6c0<,Silver
148,>0xf3551c1d8ac61569e482abc05eefae4cccef32c1<,Silver
149,>0x9a1e402d39cb2d49cf23e6767c6458126ea24631<,Silver
150,>0xefa168d4231b1ed0711260360647db6281c1ebbb<,Silver
151,>0x930dab128ee82c5eadac116bd1a7f0618110aadb<,Silver
152,>0x138732bd8109847f5cb02541ecb17d24b1e9ff6e<,Silver
154,>0x8c0d5cf17365df315b8d334eb5552be9f7ff3978<,Silver
159,>0x57e2e76e240c57009fd00553b7dffe2dfbfd07bf<,Silver
171,>0xc2552747697ad2eea67dd75e10f7933a62ceb64c<,Silver
172,>0x139eb3396c93dc4973d700d0a3296926d981eb7d<,Silver
173,>0x57a90bf83ceaa56792806ddbb6d4fa1bcf9c434d<,Silver
174,>0x952b156a5bd59b0f8b8363f8177aa7a216affbc3<,Silver
177,>0x489ef5fc27e7bbfa4cfa1c8d5ec197da3d1bae54<,Silver
181,>0xfdd4186383fafd6bd41d0c59ed84708dfde004ff<,Silver
182,>0xddc570bafd31c4a3545a3d742b9d022e78a9cb7f<,Silver
183,>0x8dde20e02c456e766b93d185ed0c9d485cd9bc07<,Silver
184,>0x4d04a3bfd8d9eec765412cb03a3020215ea58156<,Silver
187,>0xe99dc1864b1bea3efd8b87d5cec5b7b65ff23379<,Silver
188,>0x0057bd83a142da84b6404616c683e21e7dd6fa5f<,Bronze
189,>0x0235db3d9de8f976044e67eb464b18b2f0fd4894<,Bronze
190,>0x039b86bfa3dc5553b907e26172692c29a39b6087<,Bronze
191,>0x045795ff0b8c353290a900654514032e92c289b7<,Bronze
192,>0x04be52434eb64addf373137310551ac42013677c<,Bronze
193,>0x05211b706bce6a569d556faa5821237464f33001<,Bronze
194,>0x094e4b82a5722271546cca99c8c351bd840669ae<,Bronze
195,>0x0c183b19cf8a07bb4319729150b0b3b4841c0866<,Bronze
196,>0x0c47c5f0d8aa01470095149a63ee69cb60ada1b1<,Bronze
197,>0x0e11e54ee7540a447f5cec807499d8382d6e87aa<,Bronze
198,>0x0fa11d9d60c102edf601ee5fa11b84e640541982<,Bronze
199,>0x1083653d83b2e9b147573642540dd80163359129<,Bronze
200,>0x138308323652edd886a1418a80ee5e74a1bc1503<,Bronze
201,>0x13b0d26d0703cd7a13a52e4bfb90a48887e559a6<,Bronze
202,>0x143e5867163967fb0032f0f20d63c824d7c2f3de<,Bronze
203,>0x174b2b8fcc5b79e8ba1bf2cddd8bf05bd3970f3f<,Bronze
204,>0x183bdb344a07ee3d27f07ac4799a56e4a2fe5439<,Bronze
205,>0x1b30c84e244361a99be770acd57ace184983c83d<,Bronze
206,>0x20d236b1800f2b597cd64d920b71d36b87991f30<,Bronze
207,>0x21c3608f202dac1d6b12fc42640a9eb2dce026d8<,Bronze
208,>0x225340a46ab2fba658c6d7b53f9bb96bc0cc31a1<,Bronze
209,>0x2266e997a7eb807b94aae1790fdc372936e05a84<,Bronze
210,>0x22cab81e0fee2bad5b015dbbeb6a374a1b8738de<,Bronze
211,>0x23b97fb0301883863bbbd8238d11fd51e95e7315<,Bronze
212,>0x299776620339ea8d5a4aaa2597fcf75481ada0af<,Bronze
213,>0x2e296866572552471f042af6edeed856ec38b871<,Bronze
214,>0x2f532bba250546b8992c05c2d7131e85b77cbacb<,Bronze
215,>0x317890de9ee2d5987e30662b3cb640cffce62ce6<,Bronze
216,>0x31e056d79185d7cca5f97634ae96347d0572c991<,Bronze
217,>0x329f4435e0f22899b733756c71aa12c1004146b1<,Bronze
218,>0x35e939c53b208ccec114c6b92f6d754b023dff4d<,Bronze
219,>0x38c8bbf5cca496bc15b19b5a4e7aae64613d1312<,Bronze
220,>0x393e7fe57013c40fd5af7eb5ab2fb786f6e6ff6c<,Bronze
221,>0x394c82976a57c4309138c072149ee57aea16560b<,Bronze
222,>0x3a70f03d6ede4ce6dd2e482b45d56a82b15a96f6<,Bronze
223,>0x3bc78c5fb49f5a50aed564dabea2512b0fad37e6<,Bronze
224,>0x3c30765cae26cc563411e08f3084387bdd557e74<,Bronze
225,>0x3c4828237769b75b4ca31c77518232fefeffd0a8<,Bronze
226,>0x3c4f92b8dcd10ea4defbbf6ecde83ec4c199565f<,Bronze
227,>0x3e2d5e7fd1a97bc8bad590e68426da5b5c295d5d<,Bronze
228,>0x3e86eac93a2dbb4faeb8709d77d451aeda710ef9<,Bronze
229,>0x3f4d0a6654c8365b42dcaa8aa92d9034e2a6141f<,Bronze
230,>0x3fc151ca5cad17625a5198bdb0fa8ee3c26c744c<,Bronze
231,>0x41df0d7108aa67aa76d8072a91edc2fddbc9783a<,Bronze
232,>0x42f7061ee77094e31f5ac69e6f76d8054bb7495f<,Bronze
233,>0x43f9873fcf56b25f605a45b89169213ff0fc9ec3<,Bronze
234,>0x4496c474a0768384841ebc0aae87beaeab7261a6<,Bronze
235,>0x45d432c90322d5d83372a2967073f79c5a96b196<,Bronze
236,>0x47c3eb3dcdd524c2508da649d08f94571dcd398a<,Bronze
237,>0x489ef5fc27e7bbfa4cfa1c8d5ec197da3d1bae54<,Bronze
238,>0x495e827e540ca60c93bbac919b4627554211f33f<,Bronze
239,>0x4969d2aae61256bb141d102f0ccbb573b19dc915<,Bronze
240,>0x4c2a9100097de6c2e12d576d72c195a1d74c1ee0<,Bronze
241,>0x4d8bd62c7cb6769795410c5d1209cc09bfe16c60<,Bronze
242,>0x5067823770154868970ce35a50782c35d0a4e76d<,Bronze
243,>0x509bea2ad9bcf38a95cb1ad7e4aac40a4a1249c5<,Bronze
244,>0x51df72bdaa3ce5cdead9a5f74bd0eea75969ce19<,Bronze
245,>0x538245eb114c87fdceb51df161f048ec1656926b<,Bronze
246,>0x55e86864dde83bdd7ef9f0d1f1765ebbec3a7934<,Bronze
247,>0x57e2e76e240c57009fd00553b7dffe2dfbfd07bf<,Bronze
248,>0x59c37e94da9747052d4c051d1832bab10d4af2b5<,Bronze
249,>0x5d0cbf3abc8701706b36179bcdb0409aa1e44640<,Bronze
250,>0x5e87b43f8077f53fe5fb998a97ffacd299267323<,Bronze
251,>0x5f8cd6abcb92a521f756d3e1940aa424453e7287<,Bronze
252,>0x629fa7fe43f60fbf8a5e5019f1db3a3907ec5a70<,Bronze
253,>0x62ec589cc2a82816599a7c6f9d145a62d90c17cb<,Bronze
254,>0x66342cdb636aba7b1ccc2f95efabbc7ba3b1947d<,Bronze
255,>0x66a204d402e14c5b7b5bf9b6d8f2c4c34353a3cd<,Bronze
256,>0x67759ab4d897093deb1c036e74824df0f75fdfe4<,Bronze
257,>0x6bcfb1f96a3d270f00deab39fd50e78096576113<,Bronze
258,>0x6bf7550bf182b8428e2cf4fc640ed884ff8c7a57<,Bronze
259,>0x6d11be36f06af9394abde4cb3e672fdda78e04f9<,Bronze
260,>0x6e2a2acc7253d38e0891f439a9815bed3771e305<,Bronze
261,>0x6ebd7e1bb5db5aa2930b0ffdca3d31ac9df94ce6<,Bronze
262,>0x71124c9e9288751ea736cb6685cf3eddf1368a6a<,Bronze
263,>0x72727d612cd162c30f84b579662a9bde34481ae7<,Bronze
264,>0x72ecb0e30c261aa219a7a99db04526ca9e71d5b9<,Bronze
265,>0x73f79a5da0876077ae32a6a502e98cfc6cf64764<,Bronze
266,>0x762c0e5ae9d4c726f9ee112cc66ed5f11566a8d0<,Bronze
267,>0x76d929285e1b9c9cc94908ac67df03b63528671a<,Bronze
268,>0x7ce7099c33e2c27375e80d4e0b1b6584f69b3544<,Bronze
269,>0x7d3a7ad44bfcfc0962709ece4c149128717906b8<,Bronze
270,>0x7df437c26813e2d976d2d88fc99e361f9e90ad3c<,Bronze
271,>0x82612e25bcb90109dd964d16416b7d500aa462c6<,Bronze
272,>0x8457d86624149d1a8b7a781d5482e3d89f809857<,Bronze
273,>0x852926150de3854d61319021bd88f239c1cc4c38<,Bronze
274,>0x85cf22d065b1f686faa6afa96c2c5eb7dc257239<,Bronze
275,>0x88a18a928368c7718782d072fe05a1c2429e67d9<,Bronze
276,>0x89de01e46274b69585dbaa45dd81c42c4bd372e1<,Bronze
277,>0x89f895a36954bb5c6a32de320a463f948dc202b3<,Bronze
278,>0x8a1cfc56923a2e02b9feec98a3a4f9f6e3cead6b<,Bronze
279,>0x8bc0fc5b31fa30266a3dd81753be66ee4b62a7f9<,Bronze
280,>0x8c0d5cf17365df315b8d334eb5552be9f7ff3978<,Bronze
281,>0x8ca60eb7c8d4de486986335166e1c9f6b3982029<,Bronze
282,>0x8d1f338f8abd714fd09ec13c100a0d7df693cd5d<,Bronze
283,>0x8fd7ed15baac9a180db25c3d7d82f7665eef51ba<,Bronze
284,>0x909651233bede87715e44514452ff0b15b47eaaf<,Bronze
285,>0x90b7903f465600923ce2a18c0aa222ba79784b6a<,Bronze
286,>0x91ba124eabf4e44c78e118cc337c7e8253f07c8d<,Bronze
287,>0x91ba7d1cb45cb17ddd5526253a0c791e3d413bc5<,Bronze
288,>0x91c08c6b34df3e8b7f17bdb0bf270de218eafae6<,Bronze
289,>0x9254dc142566bbdefa0d44411d67cc47d3ce41bf<,Bronze
290,>0x92db7e8d9b281c9470749a83eeb51de21ff6dde6<,Bronze
291,>0x9317f8d68d5b21bc561b51b995db858bb0fb40b4<,Bronze
292,>0x9327775e225a703125167eb423d246915bdc37e7<,Bronze
293,>0x9488c6fa9e9f92d4bad07cb641ede2ffc853e495<,Bronze
294,>0x94f69c258cd251bcb77dbb6156da13e32dcb8ef4<,Bronze
295,>0x956290cae406bf01a4047035f1a8975eed11d1e4<,Bronze
296,>0x9583ca25ec7770b1d575d0c4c76b79ce257e6645<,Bronze
297,>0x95ed91e587f17a311cd216c704a2cbd06cff085a<,Bronze
298,>0x960cc811e5ef36760f5c679af90e821b10385e04<,Bronze
299,>0x96caa5a60bc6d8aa0465f2c1615d8b1fc9b85a8d<,Bronze
300,>0x9718fd9760fa3dd404e913d43b34c9a0ee4dd550<,Bronze
301,>0x97263302056c9d2f708153c0aeee7b7fe5ebec93<,Bronze
302,>0x973f891536483cc32ccb9a93c152dee1dbc229f2<,Bronze
303,>0x98bda2edd653896e0618fdf55feec02684faf02f<,Bronze
304,>0x9a76f28cef5d14767575843974a924bbc25f2088<,Bronze
305,>0x9d8c00b16906a78943c66f1f976a98e4e7a36909<,Bronze
306,>0x9edba74460ad6b40b40809b2228982c56e3e890b<,Bronze
307,>0x9f572ac4a20eb83b067cf9fb8d4452041a302acb<,Bronze
308,>0x9fc07b0147a6eb9a77daa882c33de465b97b401c<,Bronze
309,>0xa06bd718818fdb24edf4a32e509fc911b5784881<,Bronze
310,>0xa06ea9cc58d0d50c033a1b55f1399fb6909b65af<,Bronze
311,>0xa44dd0cf1de1c461fde0b7b92c374789b59784c9<,Bronze
312,>0xa4d92b028b12558d3b17fb56adebdcd5fa800d4e<,Bronze
313,>0xa88dad1339780aec8a73929915b40a6311d0ff25<,Bronze
314,>0xabc03f5d073099f7d7c9d8fc3c72044269eefe03<,Bronze
315,>0xacdd8a3ea69e962cd70c9b32cb4e7184f7863da1<,Bronze
316,>0xaec19d15f1b6b737c8f374fd90d1f19ca8fcbdeb<,Bronze
317,>0xaec80b4fbe227198720b1d1b82a12968baa0b144<,Bronze
318,>0xb06e5ce2fe560fac1f4c4e7537d60a82d82359e3<,Bronze
319,>0xb2d5fd7d47f65c2c2bff2da608f39e087d60928e<,Bronze
320,>0xb362db8d0a0cddd9c471d4cd768701cfcfa64e1a<,Bronze
321,>0xb39d022edf05c31e1981f4f4d8137dda9c57cfae<,Bronze
322,>0xb3bd192d80fa4f40a1d851e81c9cf196a3a7d632<,Bronze
323,>0xb435e80f07179be24d79844348f0737e2c751b5c<,Bronze
324,>0xb5ebf7fac6f40583261758a7347e8eaa41935524<,Bronze
325,>0xb6a960e019e2068084bdd23fbc26593bb1965cd0<,Bronze
326,>0xb6d2e7efefce4c13ef98b1a69c0677725b08baba<,Bronze
327,>0xb8b7ea41cfa41ee65623c93cc4f9eb68d80bca13<,Bronze
328,>0xba1cad8e212e79cd1b4298abe09eb6b44384ffa2<,Bronze
329,>0xbb048e05e69eef8781eb0ddd4b81579c7fbc6be2<,Bronze
330,>0xbc5381c2a6c008b44629a21b5eb5f671ce465ae9<,Bronze
331,>0xbd0ec71b9ada90ac6c1428cafd45fe2fca367665<,Bronze
332,>0xbe252ed345e7859b3f7bbdb97f6604980b8b3432<,Bronze
333,>0xbe3e87caa6e9bd31eeafc8a5ee46fec8d9300ce0<,Bronze
334,>0xbf246eb894fc2c7f9eaae22d6940591a6d3376e9<,Bronze
335,>0xbf45dd1bca8067769494b935c69763ca29de85a0<,Bronze
336,>0xbf873e22cc4a3156163693fdc45a18c3fc434aa7<,Bronze
337,>0xc1196c46559203fe1e3ffe05009fde59795a6385<,Bronze
338,>0xc1efc49285eb5deda2ac887d613242475ed15048<,Bronze
339,>0xc2ff8b2fb8082c811b310ca1c2d5cb235f3059bb<,Bronze
340,>0xc3dc7f0d84e447c27ee2fa17b1a3ecbd3bfaeb51<,Bronze
341,>0xc4cbf8f4c59570450df297cedd3963b7e1f60652<,Bronze
342,>0xc7b169b108c5e75991c520aea97140534291c81d<,Bronze
343,>0xc866b55ab835ee33a2bcd71c9a3ea2e364df3a3e<,Bronze
344,>0xc8c3e484ddf92069eb3226df266c2c262902d835<,Bronze
345,>0xc96b54890f172986f8edc7aec6e8c09a53760526<,Bronze
346,>0xc9e3d84e62cc145ff76fd90859cbd46b5c665941<,Bronze
347,>0xc9f52c0d4b3b4a35ba507d3ab99a1df0479018f7<,Bronze
348,>0xccebe8104a3aa1a440461f5f4f6c38fbdfb30802<,Bronze
349,>0xcd02aae43d7d133196f28fff1c8c0ee268ffe17e<,Bronze
350,>0xd09d3d77de3b0ad3e47020d08ed6fa18d2127e3d<,Bronze
351,>0xd0b744a3cee6c07814a889ecd4ebb3da1d4252d1<,Bronze
352,>0xd24c941f5edbe451395544658c0df6df056c6ad0<,Bronze
353,>0xd54e30c9fb8279536af901521341030c65b5777f<,Bronze
354,>0xd59d7201ea137f33a90d79a44edb01b63bf8284d<,Bronze
355,>0xd7788aa49587bef3e2b9605ca666b5ca2fd31b59<,Bronze
356,>0xd8b00122b6cc0d44fb3198fb675635272d516b7f<,Bronze
357,>0xd944633d12e0ecf7e88d6b6248bc192d2e24226d<,Bronze
358,>0xd973b5ad311d8d84d90166b17335cacac1263bab<,Bronze
359,>0xda615562970f622b1e174b335c9e3b2a96264b14<,Bronze
360,>0xdaf08467be187fdad0db1df64b8cbd20f60ab370<,Bronze
361,>0xddc570bafd31c4a3545a3d742b9d022e78a9cb7f<,Bronze
362,>0xdf9f3a6490f84a8717a5c84fba5dd5df1429380f<,Bronze
363,>0xdfc3b7af259b992038cec2dbb4c73fdbb60f90d1<,Bronze
364,>0xe0e03ba22e14776dc972a50e6cca5ceedb3b972c<,Bronze
365,>0xe220d345d0633231e2b171a2db9d92cc387ede81<,Bronze
366,>0xe347d593d62be9d012448f9f7adf6e24954267d5<,Bronze
367,>0xe38d1a9455ada7bd7a885a776df4734c1fa39f02<,Bronze
368,>0xe4188ea54a7dd2c4ce44c07fced48615c7e308a9<,Bronze
369,>0xe43e5d37f8014f54f3a0cd2a13ef8703fa0c782e<,Bronze
370,>0xe44aede3f7d3849c4803c22ac8b65384298b7b0a<,Bronze
371,>0xe60d9c72c5ec15136b942525407d07527f2df2b7<,Bronze
372,>0xe649a2e05fff7818d90a2975a327be7a6bd9e914<,Bronze
373,>0xeb06be198c0bc5c2cb3e60db03932fed261d611c<,Bronze
374,>0xeb10e3b522c3d3f0dde60f769f94609347daebfc<,Bronze
375,>0xebb166e1e8c3b4e9c51e4463cbf5c59a5899dab8<,Bronze
376,>0xecdd3eea32f491f7d28120e70459da8a000f3e4b<,Bronze
377,>0xed4b6f0a0497164cc0a66585f1f6839dd38a7d0d<,Bronze
378,>0xed5a1aa5687de0f9da5bf4c662665eb7387189eb<,Bronze
379,>0xedf3b7578a521d5939d8d508e0706ad88fe55baf<,Bronze
380,>0xeeb07fafcb5761394be481f03f1048aab0deadc4<,Bronze
381,>0xeecf8efb4c3283f04b09d1b6a8c5fcefaa815af1<,Bronze
382,>0xf193c00a7eecb19c132a38193d6c559463d0feb0<,Bronze
383,>0xf1fa3853cbaabdb71374d4a3ca9a8cb6ef6d7cd1<,Bronze
384,>0xf677faf7304290ea5648e941a5d7d90b9e0b2cb9<,Bronze
385,>0xf7e74a9a394226058e14bfc17deafdb76eebbb25<,Bronze
386,>0xf813773ebdd4759c1b780d745081f046a5b776fb<,Bronze
387,>0xf85f7230d69553c3aab5d35d4523659bc59d35be<,Bronze
388,>0xfb2165f4abeed496b4edd3234c4cc09f1557226e<,Bronze
389,>0xfba05c94cb4628d5046ff384920d22d0c1374e44<,Bronze
390,>0xfd3719bef669f5cebbda47b69e7814cf413e9517<,Bronze
391,>0xfd9c2676e9322fd6d8028d59d2135b2fb5cbdb14<,Bronze
392,>0xfea310e868466201e881866e75232e1bc2b86e0c<,Bronze
